{
    "runs": [
        0.912136,
        2.413079,
        2.128959,
        2.408863,
        2.407507
    ],
    "average_time": 2.0541088000000003
}