{
    "runs": [
        0.535327,
        0.543206,
        0.546593,
        0.607894,
        0.542576,
        0.547392,
        0.835866,
        0.540515,
        0.548439,
        0.528071
    ],
    "average_time": 0.5775878999999999
}